model,userId,K,precision,recall,ndcg,num_relevant_test_items,num_recommendations
Content-Based-TMDB,5531,5,0.0,0.0,0.0,23,80
Content-Based-TMDB,5531,10,0.0,0.0,0.0,23,80
Content-Based-TMDB,5531,20,0.0,0.0,0.0,23,80
Content-Based-TMDB,5531,40,0.075,0.13043478260869565,0.27629402330426944,23,80
Content-Based-TMDB,5531,80,0.0625,0.21739130434782608,0.32118117760050535,23,80
Content-Based-TMDB,711,5,0.0,0.0,0.0,19,80
Content-Based-TMDB,711,10,0.0,0.0,0.0,19,80
Content-Based-TMDB,711,20,0.0,0.0,0.0,19,80
Content-Based-TMDB,711,40,0.0,0.0,0.0,19,80
Content-Based-TMDB,711,80,0.0,0.0,0.0,19,80
Content-Based-TMDB,4925,5,0.0,0.0,0.0,11,80
Content-Based-TMDB,4925,10,0.0,0.0,0.0,11,80
Content-Based-TMDB,4925,20,0.0,0.0,0.0,11,80
Content-Based-TMDB,4925,40,0.0,0.0,0.0,11,80
Content-Based-TMDB,4925,80,0.0125,0.09090909090909091,0.16999161628691403,11,80
Content-Based-TMDB,2155,5,0.2,0.07692307692307693,1.0,13,80
Content-Based-TMDB,2155,10,0.1,0.07692307692307693,1.0,13,80
Content-Based-TMDB,2155,20,0.05,0.07692307692307693,1.0,13,80
Content-Based-TMDB,2155,40,0.025,0.07692307692307693,1.0,13,80
Content-Based-TMDB,2155,80,0.0375,0.23076923076923078,0.6280305970904371,13,80
Content-Based-TMDB,1273,5,0.2,0.02040816326530612,0.38685280723454163,49,80
Content-Based-TMDB,1273,10,0.1,0.02040816326530612,0.38685280723454163,49,80
Content-Based-TMDB,1273,20,0.05,0.02040816326530612,0.38685280723454163,49,80
Content-Based-TMDB,1273,40,0.05,0.04081632653061224,0.3709277471303228,49,80
Content-Based-TMDB,1273,80,0.05,0.08163265306122448,0.3644678992709463,49,80
Content-Based-TMDB,2318,5,0.0,0.0,0.0,2,80
Content-Based-TMDB,2318,10,0.0,0.0,0.0,2,80
Content-Based-TMDB,2318,20,0.0,0.0,0.0,2,80
Content-Based-TMDB,2318,40,0.0,0.0,0.0,2,80
Content-Based-TMDB,2318,80,0.0,0.0,0.0,2,80
Content-Based-TMDB,2096,5,0.0,0.0,0.0,21,80
Content-Based-TMDB,2096,10,0.0,0.0,0.0,21,80
Content-Based-TMDB,2096,20,0.05,0.047619047619047616,0.25,21,80
Content-Based-TMDB,2096,40,0.05,0.09523809523809523,0.27591623674445626,21,80
Content-Based-TMDB,2096,80,0.025,0.09523809523809523,0.27591623674445626,21,80
Content-Based-TMDB,3129,5,0.0,0.0,0.0,47,80
Content-Based-TMDB,3129,10,0.0,0.0,0.0,47,80
Content-Based-TMDB,3129,20,0.0,0.0,0.0,47,80
Content-Based-TMDB,3129,40,0.0,0.0,0.0,47,80
Content-Based-TMDB,3129,80,0.0125,0.02127659574468085,0.1605440854340214,47,80
Content-Based-TMDB,743,5,0.0,0.0,0.0,14,80
Content-Based-TMDB,743,10,0.0,0.0,0.0,14,80
Content-Based-TMDB,743,20,0.0,0.0,0.0,14,80
Content-Based-TMDB,743,40,0.0,0.0,0.0,14,80
Content-Based-TMDB,743,80,0.0125,0.07142857142857142,0.16999161628691403,14,80
Content-Based-TMDB,297,5,0.0,0.0,0.0,15,80
Content-Based-TMDB,297,10,0.0,0.0,0.0,15,80
Content-Based-TMDB,297,20,0.0,0.0,0.0,15,80
Content-Based-TMDB,297,40,0.0,0.0,0.0,15,80
Content-Based-TMDB,297,80,0.0,0.0,0.0,15,80
Content-Based-TMDB,3697,5,0.0,0.0,0.0,15,80
Content-Based-TMDB,3697,10,0.0,0.0,0.0,15,80
Content-Based-TMDB,3697,20,0.0,0.0,0.0,15,80
Content-Based-TMDB,3697,40,0.0,0.0,0.0,15,80
Content-Based-TMDB,3697,80,0.0,0.0,0.0,15,80
Content-Based-TMDB,1143,5,0.0,0.0,0.0,11,80
Content-Based-TMDB,1143,10,0.0,0.0,0.0,11,80
Content-Based-TMDB,1143,20,0.0,0.0,0.0,11,80
Content-Based-TMDB,1143,40,0.0,0.0,0.0,11,80
Content-Based-TMDB,1143,80,0.0,0.0,0.0,11,80
Content-Based-TMDB,409,5,0.0,0.0,0.0,46,80
Content-Based-TMDB,409,10,0.0,0.0,0.0,46,80
Content-Based-TMDB,409,20,0.0,0.0,0.0,46,80
Content-Based-TMDB,409,40,0.0,0.0,0.0,46,80
Content-Based-TMDB,409,80,0.0125,0.021739130434782608,0.16005307325482135,46,80
Content-Based-TMDB,5287,5,0.0,0.0,0.0,22,80
Content-Based-TMDB,5287,10,0.0,0.0,0.0,22,80
Content-Based-TMDB,5287,20,0.0,0.0,0.0,22,80
Content-Based-TMDB,5287,40,0.0,0.0,0.0,22,80
Content-Based-TMDB,5287,80,0.0125,0.045454545454545456,0.15909880786929415,22,80
Content-Based-TMDB,3952,5,0.0,0.0,0.0,9,80
Content-Based-TMDB,3952,10,0.1,0.1111111111111111,0.3333333333333333,9,80
Content-Based-TMDB,3952,20,0.05,0.1111111111111111,0.3333333333333333,9,80
Content-Based-TMDB,3952,40,0.025,0.1111111111111111,0.3333333333333333,9,80
Content-Based-TMDB,3952,80,0.025,0.2222222222222222,0.3090510868989241,9,80
Content-Based-TMDB,1621,5,0.0,0.0,0.0,1,80
Content-Based-TMDB,1621,10,0.0,0.0,0.0,1,80
Content-Based-TMDB,1621,20,0.0,0.0,0.0,1,80
Content-Based-TMDB,1621,40,0.0,0.0,0.0,1,80
Content-Based-TMDB,1621,80,0.0,0.0,0.0,1,80
Content-Based-TMDB,2055,5,0.0,0.0,0.0,26,80
Content-Based-TMDB,2055,10,0.2,0.07692307692307693,0.38162168437253385,26,80
Content-Based-TMDB,2055,20,0.2,0.15384615384615385,0.4374039066665123,26,80
Content-Based-TMDB,2055,40,0.125,0.19230769230769232,0.4530484681094846,26,80
Content-Based-TMDB,2055,80,0.0875,0.2692307692307692,0.4636477608947911,26,80
Content-Based-TMDB,5749,5,0.0,0.0,0.0,39,80
Content-Based-TMDB,5749,10,0.0,0.0,0.0,39,80
Content-Based-TMDB,5749,20,0.0,0.0,0.0,39,80
Content-Based-TMDB,5749,40,0.0,0.0,0.0,39,80
Content-Based-TMDB,5749,80,0.0125,0.02564102564102564,0.18428883314870617,39,80
Content-Based-TMDB,5830,5,0.0,0.0,0.0,10,80
Content-Based-TMDB,5830,10,0.0,0.0,0.0,10,80
Content-Based-TMDB,5830,20,0.0,0.0,0.0,10,80
Content-Based-TMDB,5830,40,0.0,0.0,0.0,10,80
Content-Based-TMDB,5830,80,0.0,0.0,0.0,10,80
Content-Based-TMDB,866,5,0.0,0.0,0.0,3,80
Content-Based-TMDB,866,10,0.1,0.3333333333333333,0.31546487678572877,3,80
Content-Based-TMDB,866,20,0.05,0.3333333333333333,0.31546487678572877,3,80
Content-Based-TMDB,866,40,0.025,0.3333333333333333,0.31546487678572877,3,80
Content-Based-TMDB,866,80,0.0125,0.3333333333333333,0.31546487678572877,3,80
Content-Based-TMDB,806,5,0.0,0.0,0.0,13,80
Content-Based-TMDB,806,10,0.0,0.0,0.0,13,80
Content-Based-TMDB,806,20,0.0,0.0,0.0,13,80
Content-Based-TMDB,806,40,0.025,0.07692307692307693,0.20801459767650948,13,80
Content-Based-TMDB,806,80,0.025,0.15384615384615385,0.22509455403697676,13,80
Content-Based-TMDB,656,5,0.2,0.04,1.0,25,80
Content-Based-TMDB,656,10,0.1,0.04,1.0,25,80
Content-Based-TMDB,656,20,0.1,0.08,0.7601875334318685,25,80
Content-Based-TMDB,656,40,0.075,0.12,0.6870504709655187,25,80
Content-Based-TMDB,656,80,0.05,0.16,0.6418190062885593,25,80
Content-Based-TMDB,4820,5,0.0,0.0,0.0,6,80
Content-Based-TMDB,4820,10,0.0,0.0,0.0,6,80
Content-Based-TMDB,4820,20,0.0,0.0,0.0,6,80
Content-Based-TMDB,4820,40,0.0,0.0,0.0,6,80
Content-Based-TMDB,4820,80,0.0,0.0,0.0,6,80
Content-Based-TMDB,2517,5,0.0,0.0,0.0,5,80
Content-Based-TMDB,2517,10,0.0,0.0,0.0,5,80
Content-Based-TMDB,2517,20,0.0,0.0,0.0,5,80
Content-Based-TMDB,2517,40,0.0,0.0,0.0,5,80
Content-Based-TMDB,2517,80,0.0,0.0,0.0,5,80
Content-Based-TMDB,5672,5,0.0,0.0,0.0,3,80
Content-Based-TMDB,5672,10,0.0,0.0,0.0,3,80
Content-Based-TMDB,5672,20,0.0,0.0,0.0,3,80
Content-Based-TMDB,5672,40,0.0,0.0,0.0,3,80
Content-Based-TMDB,5672,80,0.0,0.0,0.0,3,80
Content-Based-TMDB,24,5,0.0,0.0,0.0,22,80
Content-Based-TMDB,24,10,0.0,0.0,0.0,22,80
Content-Based-TMDB,24,20,0.0,0.0,0.0,22,80
Content-Based-TMDB,24,40,0.025,0.045454545454545456,0.21274605355336318,22,80
Content-Based-TMDB,24,80,0.025,0.09090909090909091,0.23014747569785604,22,80
Content-Based-TMDB,1422,5,0.2,0.02857142857142857,0.5,35,80
Content-Based-TMDB,1422,10,0.1,0.02857142857142857,0.5,35,80
Content-Based-TMDB,1422,20,0.1,0.05714285714285714,0.45091391076545045,35,80
Content-Based-TMDB,1422,40,0.075,0.08571428571428572,0.4488527325788583,35,80
Content-Based-TMDB,1422,80,0.0375,0.08571428571428572,0.4488527325788583,35,80
Content-Based-TMDB,5656,5,0.0,0.0,0.0,1,80
Content-Based-TMDB,5656,10,0.0,0.0,0.0,1,80
Content-Based-TMDB,5656,20,0.0,0.0,0.0,1,80
Content-Based-TMDB,5656,40,0.0,0.0,0.0,1,80
Content-Based-TMDB,5656,80,0.0,0.0,0.0,1,80
Content-Based-TMDB,5729,5,0.0,0.0,0.0,12,80
Content-Based-TMDB,5729,10,0.0,0.0,0.0,12,80
Content-Based-TMDB,5729,20,0.05,0.08333333333333333,0.23540891336663824,12,80
Content-Based-TMDB,5729,40,0.075,0.25,0.2981713639245036,12,80
Content-Based-TMDB,5729,80,0.05,0.3333333333333333,0.31310388878662837,12,80
Content-Based-TMDB,2438,5,0.0,0.0,0.0,18,80
Content-Based-TMDB,2438,10,0.0,0.0,0.0,18,80
Content-Based-TMDB,2438,20,0.0,0.0,0.0,18,80
Content-Based-TMDB,2438,40,0.025,0.05555555555555555,0.18665241123894338,18,80
Content-Based-TMDB,2438,80,0.025,0.1111111111111111,0.22002654881194364,18,80
Content-Based-TMDB,4163,5,0.0,0.0,0.0,4,80
Content-Based-TMDB,4163,10,0.0,0.0,0.0,4,80
Content-Based-TMDB,4163,20,0.0,0.0,0.0,4,80
Content-Based-TMDB,4163,40,0.0,0.0,0.0,4,80
Content-Based-TMDB,4163,80,0.0,0.0,0.0,4,80
Content-Based-TMDB,1631,5,0.0,0.0,0.0,22,80
Content-Based-TMDB,1631,10,0.0,0.0,0.0,22,80
Content-Based-TMDB,1631,20,0.0,0.0,0.0,22,80
Content-Based-TMDB,1631,40,0.0,0.0,0.0,22,80
Content-Based-TMDB,1631,80,0.025,0.09090909090909091,0.19911981278808125,22,80
Content-Based-TMDB,2519,5,0.0,0.0,0.0,6,80
Content-Based-TMDB,2519,10,0.0,0.0,0.0,6,80
Content-Based-TMDB,2519,20,0.0,0.0,0.0,6,80
Content-Based-TMDB,2519,40,0.05,0.3333333333333333,0.23838627920420696,6,80
Content-Based-TMDB,2519,80,0.025,0.3333333333333333,0.23838627920420696,6,80
Content-Based-TMDB,3588,5,0.0,0.0,0.0,40,80
Content-Based-TMDB,3588,10,0.1,0.025,0.2890648263178879,40,80
Content-Based-TMDB,3588,20,0.1,0.05,0.3429350525492773,40,80
Content-Based-TMDB,3588,40,0.2,0.2,0.44541366535982785,40,80
Content-Based-TMDB,3588,80,0.2,0.4,0.5153833487251639,40,80
Content-Based-TMDB,2859,5,0.0,0.0,0.0,28,80
Content-Based-TMDB,2859,10,0.0,0.0,0.0,28,80
Content-Based-TMDB,2859,20,0.0,0.0,0.0,28,80
Content-Based-TMDB,2859,40,0.0,0.0,0.0,28,80
Content-Based-TMDB,2859,80,0.0,0.0,0.0,28,80
Content-Based-TMDB,5387,5,0.0,0.0,0.0,76,80
Content-Based-TMDB,5387,10,0.0,0.0,0.0,76,80
Content-Based-TMDB,5387,20,0.1,0.02631578947368421,0.3069467374862678,76,80
Content-Based-TMDB,5387,40,0.05,0.02631578947368421,0.3069467374862678,76,80
Content-Based-TMDB,5387,80,0.0625,0.06578947368421052,0.3491896384672051,76,80
Content-Based-TMDB,5636,5,0.0,0.0,0.0,68,80
Content-Based-TMDB,5636,10,0.0,0.0,0.0,68,80
Content-Based-TMDB,5636,20,0.05,0.014705882352941176,0.2559580248098155,68,80
Content-Based-TMDB,5636,40,0.025,0.014705882352941176,0.2559580248098155,68,80
Content-Based-TMDB,5636,80,0.0125,0.014705882352941176,0.2559580248098155,68,80
Content-Based-TMDB,4492,5,0.0,0.0,0.0,3,80
Content-Based-TMDB,4492,10,0.0,0.0,0.0,3,80
Content-Based-TMDB,4492,20,0.0,0.0,0.0,3,80
Content-Based-TMDB,4492,40,0.0,0.0,0.0,3,80
Content-Based-TMDB,4492,80,0.0,0.0,0.0,3,80
Content-Based-TMDB,4745,5,0.0,0.0,0.0,9,80
Content-Based-TMDB,4745,10,0.0,0.0,0.0,9,80
Content-Based-TMDB,4745,20,0.0,0.0,0.0,9,80
Content-Based-TMDB,4745,40,0.0,0.0,0.0,9,80
Content-Based-TMDB,4745,80,0.0125,0.1111111111111111,0.17629143438888212,9,80
Content-Based-TMDB,2968,5,0.0,0.0,0.0,36,80
Content-Based-TMDB,2968,10,0.0,0.0,0.0,36,80
Content-Based-TMDB,2968,20,0.0,0.0,0.0,36,80
Content-Based-TMDB,2968,40,0.0,0.0,0.0,36,80
Content-Based-TMDB,2968,80,0.0,0.0,0.0,36,80
Content-Based-TMDB,255,5,0.0,0.0,0.0,39,80
Content-Based-TMDB,255,10,0.0,0.0,0.0,39,80
Content-Based-TMDB,255,20,0.05,0.02564102564102564,0.24465054211822604,39,80
Content-Based-TMDB,255,40,0.075,0.07692307692307693,0.3118844812091882,39,80
Content-Based-TMDB,255,80,0.075,0.15384615384615385,0.3506525495676228,39,80
Content-Based-TMDB,2551,5,0.0,0.0,0.0,6,80
Content-Based-TMDB,2551,10,0.0,0.0,0.0,6,80
Content-Based-TMDB,2551,20,0.0,0.0,0.0,6,80
Content-Based-TMDB,2551,40,0.025,0.16666666666666666,0.19823986317056053,6,80
Content-Based-TMDB,2551,80,0.025,0.3333333333333333,0.2345463963003889,6,80
Content-Based-TMDB,1194,5,0.0,0.0,0.0,59,80
Content-Based-TMDB,1194,10,0.0,0.0,0.0,59,80
Content-Based-TMDB,1194,20,0.05,0.01694915254237288,0.26264953503719357,59,80
Content-Based-TMDB,1194,40,0.025,0.01694915254237288,0.26264953503719357,59,80
Content-Based-TMDB,1194,80,0.0125,0.01694915254237288,0.26264953503719357,59,80
Content-Based-TMDB,222,5,0.0,0.0,0.0,12,80
Content-Based-TMDB,222,10,0.0,0.0,0.0,12,80
Content-Based-TMDB,222,20,0.1,0.16666666666666666,0.29704713377474795,12,80
Content-Based-TMDB,222,40,0.1,0.3333333333333333,0.34643755530365444,12,80
Content-Based-TMDB,222,80,0.05,0.3333333333333333,0.34643755530365444,12,80
Content-Based-TMDB,1742,5,0.0,0.0,0.0,6,80
Content-Based-TMDB,1742,10,0.0,0.0,0.0,6,80
Content-Based-TMDB,1742,20,0.0,0.0,0.0,6,80
Content-Based-TMDB,1742,40,0.025,0.16666666666666666,0.18790182470910757,6,80
Content-Based-TMDB,1742,80,0.0125,0.16666666666666666,0.18790182470910757,6,80
Content-Based-TMDB,4251,5,0.0,0.0,0.0,10,80
Content-Based-TMDB,4251,10,0.0,0.0,0.0,10,80
Content-Based-TMDB,4251,20,0.0,0.0,0.0,10,80
Content-Based-TMDB,4251,40,0.0,0.0,0.0,10,80
Content-Based-TMDB,4251,80,0.0375,0.3,0.22737876013175992,10,80
Content-Based-TMDB,4223,5,0.0,0.0,0.0,12,80
Content-Based-TMDB,4223,10,0.0,0.0,0.0,12,80
Content-Based-TMDB,4223,20,0.0,0.0,0.0,12,80
Content-Based-TMDB,4223,40,0.05,0.16666666666666666,0.2477646230600148,12,80
Content-Based-TMDB,4223,80,0.025,0.16666666666666666,0.2477646230600148,12,80
Content-Based-TMDB,1162,5,0.0,0.0,0.0,19,80
Content-Based-TMDB,1162,10,0.0,0.0,0.0,19,80
Content-Based-TMDB,1162,20,0.0,0.0,0.0,19,80
Content-Based-TMDB,1162,40,0.0,0.0,0.0,19,80
Content-Based-TMDB,1162,80,0.0,0.0,0.0,19,80
Content-Based-TMDB,1401,5,0.0,0.0,0.0,9,80
Content-Based-TMDB,1401,10,0.0,0.0,0.0,9,80
Content-Based-TMDB,1401,20,0.05,0.1111111111111111,0.25,9,80
Content-Based-TMDB,1401,40,0.025,0.1111111111111111,0.25,9,80
Content-Based-TMDB,1401,80,0.0125,0.1111111111111111,0.25,9,80
Content-Based-TMDB,4354,5,0.0,0.0,0.0,73,80
Content-Based-TMDB,4354,10,0.0,0.0,0.0,73,80
Content-Based-TMDB,4354,20,0.0,0.0,0.0,73,80
Content-Based-TMDB,4354,40,0.0,0.0,0.0,73,80
Content-Based-TMDB,4354,80,0.0125,0.0136986301369863,0.16005307325482135,73,80
Content-Based-TMDB,882,5,0.0,0.0,0.0,12,80
Content-Based-TMDB,882,10,0.0,0.0,0.0,12,80
Content-Based-TMDB,882,20,0.05,0.08333333333333333,0.25,12,80
Content-Based-TMDB,882,40,0.05,0.16666666666666666,0.2718856545760127,12,80
Content-Based-TMDB,882,80,0.05,0.3333333333333333,0.2984550143997821,12,80
Content-Based-TMDB,5336,5,0.0,0.0,0.0,2,80
Content-Based-TMDB,5336,10,0.0,0.0,0.0,2,80
Content-Based-TMDB,5336,20,0.0,0.0,0.0,2,80
Content-Based-TMDB,5336,40,0.0,0.0,0.0,2,80
Content-Based-TMDB,5336,80,0.0,0.0,0.0,2,80
Content-Based-TMDB,4798,5,0.0,0.0,0.0,16,80
Content-Based-TMDB,4798,10,0.0,0.0,0.0,16,80
Content-Based-TMDB,4798,20,0.1,0.125,0.31062845793246857,16,80
Content-Based-TMDB,4798,40,0.125,0.3125,0.385455964086831,16,80
Content-Based-TMDB,4798,80,0.0875,0.4375,0.41259003744291944,16,80
Content-Based-TMDB,566,5,0.0,0.0,0.0,19,80
Content-Based-TMDB,566,10,0.0,0.0,0.0,19,80
Content-Based-TMDB,566,20,0.0,0.0,0.0,19,80
Content-Based-TMDB,566,40,0.0,0.0,0.0,19,80
Content-Based-TMDB,566,80,0.0125,0.05263157894736842,0.17070727966372012,19,80
Content-Based-TMDB,756,5,0.0,0.0,0.0,2,80
Content-Based-TMDB,756,10,0.0,0.0,0.0,2,80
Content-Based-TMDB,756,20,0.0,0.0,0.0,2,80
Content-Based-TMDB,756,40,0.0,0.0,0.0,2,80
Content-Based-TMDB,756,80,0.0125,0.5,0.1729696904450771,2,80
Content-Based-TMDB,2501,5,0.0,0.0,0.0,15,80
Content-Based-TMDB,2501,10,0.0,0.0,0.0,15,80
Content-Based-TMDB,2501,20,0.0,0.0,0.0,15,80
Content-Based-TMDB,2501,40,0.025,0.06666666666666667,0.19823986317056053,15,80
Content-Based-TMDB,2501,80,0.025,0.13333333333333333,0.22911160087321525,15,80
Content-Based-TMDB,3696,5,0.0,0.0,0.0,19,80
Content-Based-TMDB,3696,10,0.0,0.0,0.0,19,80
Content-Based-TMDB,3696,20,0.0,0.0,0.0,19,80
Content-Based-TMDB,3696,40,0.0,0.0,0.0,19,80
Content-Based-TMDB,3696,80,0.0125,0.05263157894736842,0.17376534287144002,19,80
Content-Based-TMDB,1878,5,0.0,0.0,0.0,13,80
Content-Based-TMDB,1878,10,0.0,0.0,0.0,13,80
Content-Based-TMDB,1878,20,0.0,0.0,0.0,13,80
Content-Based-TMDB,1878,40,0.0,0.0,0.0,13,80
Content-Based-TMDB,1878,80,0.0125,0.07692307692307693,0.16730017881017412,13,80
Content-Based-TMDB,80,5,0.2,0.25,0.43067655807339306,4,80
Content-Based-TMDB,80,10,0.1,0.25,0.43067655807339306,4,80
Content-Based-TMDB,80,20,0.05,0.25,0.43067655807339306,4,80
Content-Based-TMDB,80,40,0.025,0.25,0.43067655807339306,4,80
Content-Based-TMDB,80,80,0.025,0.5,0.37012400270250023,4,80
Content-Based-TMDB,2339,5,0.0,0.0,0.0,4,80
Content-Based-TMDB,2339,10,0.0,0.0,0.0,4,80
Content-Based-TMDB,2339,20,0.0,0.0,0.0,4,80
Content-Based-TMDB,2339,40,0.0,0.0,0.0,4,80
Content-Based-TMDB,2339,80,0.0,0.0,0.0,4,80
Content-Based-TMDB,5592,5,0.0,0.0,0.0,20,80
Content-Based-TMDB,5592,10,0.0,0.0,0.0,20,80
Content-Based-TMDB,5592,20,0.1,0.1,0.2889092425324043,20,80
Content-Based-TMDB,5592,40,0.1,0.2,0.338013567778634,20,80
Content-Based-TMDB,5592,80,0.075,0.3,0.3680122155079414,20,80
Content-Based-TMDB,2805,5,0.0,0.0,0.0,15,80
Content-Based-TMDB,2805,10,0.0,0.0,0.0,15,80
Content-Based-TMDB,2805,20,0.0,0.0,0.0,15,80
Content-Based-TMDB,2805,40,0.0,0.0,0.0,15,80
Content-Based-TMDB,2805,80,0.0,0.0,0.0,15,80
Content-Based-TMDB,764,5,0.0,0.0,0.0,22,80
Content-Based-TMDB,764,10,0.1,0.045454545454545456,0.31546487678572877,22,80
Content-Based-TMDB,764,20,0.1,0.09090909090909091,0.34046674428368096,22,80
Content-Based-TMDB,764,40,0.1,0.18181818181818182,0.3716751662820491,22,80
Content-Based-TMDB,764,80,0.0625,0.22727272727272727,0.3846664669818264,22,80
Content-Based-TMDB,1600,5,0.0,0.0,0.0,41,80
Content-Based-TMDB,1600,10,0.0,0.0,0.0,41,80
Content-Based-TMDB,1600,20,0.0,0.0,0.0,41,80
Content-Based-TMDB,1600,40,0.025,0.024390243902439025,0.20184908658209985,41,80
Content-Based-TMDB,1600,80,0.025,0.04878048780487805,0.22413886387614984,41,80
Content-Based-TMDB,2290,5,0.0,0.0,0.0,7,80
Content-Based-TMDB,2290,10,0.0,0.0,0.0,7,80
Content-Based-TMDB,2290,20,0.0,0.0,0.0,7,80
Content-Based-TMDB,2290,40,0.0,0.0,0.0,7,80
Content-Based-TMDB,2290,80,0.0125,0.14285714285714285,0.18316925091363362,7,80
Content-Based-TMDB,5263,5,0.0,0.0,0.0,16,80
Content-Based-TMDB,5263,10,0.0,0.0,0.0,16,80
Content-Based-TMDB,5263,20,0.0,0.0,0.0,16,80
Content-Based-TMDB,5263,40,0.0,0.0,0.0,16,80
Content-Based-TMDB,5263,80,0.0375,0.1875,0.2277873929262341,16,80
Content-Based-TMDB,5444,5,0.0,0.0,0.0,3,80
Content-Based-TMDB,5444,10,0.0,0.0,0.0,3,80
Content-Based-TMDB,5444,20,0.0,0.0,0.0,3,80
Content-Based-TMDB,5444,40,0.0,0.0,0.0,3,80
Content-Based-TMDB,5444,80,0.0,0.0,0.0,3,80
Content-Based-TMDB,1885,5,0.0,0.0,0.0,7,80
Content-Based-TMDB,1885,10,0.1,0.14285714285714285,0.3010299956639812,7,80
Content-Based-TMDB,1885,20,0.1,0.2857142857142857,0.3502714625447977,7,80
Content-Based-TMDB,1885,40,0.075,0.42857142857142855,0.364683528985075,7,80
Content-Based-TMDB,1885,80,0.0375,0.42857142857142855,0.364683528985075,7,80
Content-Based-TMDB,4735,5,0.0,0.0,0.0,15,80
Content-Based-TMDB,4735,10,0.0,0.0,0.0,15,80
Content-Based-TMDB,4735,20,0.05,0.06666666666666667,0.27023815442731974,15,80
Content-Based-TMDB,4735,40,0.1,0.26666666666666666,0.339922122889552,15,80
Content-Based-TMDB,4735,80,0.075,0.4,0.3644396131014132,15,80
Content-Based-TMDB,2193,5,0.0,0.0,0.0,4,80
Content-Based-TMDB,2193,10,0.0,0.0,0.0,4,80
Content-Based-TMDB,2193,20,0.0,0.0,0.0,4,80
Content-Based-TMDB,2193,40,0.0,0.0,0.0,4,80
Content-Based-TMDB,2193,80,0.0,0.0,0.0,4,80
Content-Based-TMDB,5128,5,0.0,0.0,0.0,12,80
Content-Based-TMDB,5128,10,0.0,0.0,0.0,12,80
Content-Based-TMDB,5128,20,0.0,0.0,0.0,12,80
Content-Based-TMDB,5128,40,0.025,0.08333333333333333,0.21274605355336318,12,80
Content-Based-TMDB,5128,80,0.025,0.16666666666666666,0.2441521936164037,12,80
Content-Based-TMDB,2301,5,0.0,0.0,0.0,8,80
Content-Based-TMDB,2301,10,0.0,0.0,0.0,8,80
Content-Based-TMDB,2301,20,0.0,0.0,0.0,8,80
Content-Based-TMDB,2301,40,0.0,0.0,0.0,8,80
Content-Based-TMDB,2301,80,0.0,0.0,0.0,8,80
Content-Based-TMDB,168,5,0.0,0.0,0.0,4,80
Content-Based-TMDB,168,10,0.0,0.0,0.0,4,80
Content-Based-TMDB,168,20,0.0,0.0,0.0,4,80
Content-Based-TMDB,168,40,0.0,0.0,0.0,4,80
Content-Based-TMDB,168,80,0.0,0.0,0.0,4,80
Content-Based-TMDB,3252,5,0.0,0.0,0.0,3,80
Content-Based-TMDB,3252,10,0.0,0.0,0.0,3,80
Content-Based-TMDB,3252,20,0.0,0.0,0.0,3,80
Content-Based-TMDB,3252,40,0.0,0.0,0.0,3,80
Content-Based-TMDB,3252,80,0.0,0.0,0.0,3,80
Content-Based-TMDB,5253,5,0.0,0.0,0.0,15,80
Content-Based-TMDB,5253,10,0.0,0.0,0.0,15,80
Content-Based-TMDB,5253,20,0.0,0.0,0.0,15,80
Content-Based-TMDB,5253,40,0.0,0.0,0.0,15,80
Content-Based-TMDB,5253,80,0.0125,0.06666666666666667,0.16544255391905832,15,80
Content-Based-TMDB,3453,5,0.2,0.045454545454545456,0.38685280723454163,22,80
Content-Based-TMDB,3453,10,0.1,0.045454545454545456,0.38685280723454163,22,80
Content-Based-TMDB,3453,20,0.2,0.18181818181818182,0.43834615898030305,22,80
Content-Based-TMDB,3453,40,0.125,0.22727272727272727,0.44749880075105625,22,80
Content-Based-TMDB,3453,80,0.0625,0.22727272727272727,0.44749880075105625,22,80
Content-Based-TMDB,1510,5,0.0,0.0,0.0,4,80
Content-Based-TMDB,1510,10,0.0,0.0,0.0,4,80
Content-Based-TMDB,1510,20,0.0,0.0,0.0,4,80
Content-Based-TMDB,1510,40,0.025,0.25,0.2037950470905062,4,80
Content-Based-TMDB,1510,80,0.0125,0.25,0.2037950470905062,4,80
Content-Based-TMDB,4664,5,0.0,0.0,0.0,7,80
Content-Based-TMDB,4664,10,0.0,0.0,0.0,7,80
Content-Based-TMDB,4664,20,0.0,0.0,0.0,7,80
Content-Based-TMDB,4664,40,0.0,0.0,0.0,7,80
Content-Based-TMDB,4664,80,0.0,0.0,0.0,7,80
Content-Based-TMDB,3169,5,0.2,0.07692307692307693,0.38685280723454163,13,80
Content-Based-TMDB,3169,10,0.1,0.07692307692307693,0.38685280723454163,13,80
Content-Based-TMDB,3169,20,0.1,0.15384615384615385,0.38153802715201746,13,80
Content-Based-TMDB,3169,40,0.1,0.3076923076923077,0.4108173736515572,13,80
Content-Based-TMDB,3169,80,0.0875,0.5384615384615384,0.4299775478788581,13,80
Content-Based-TMDB,229,5,0.0,0.0,0.0,20,80
Content-Based-TMDB,229,10,0.0,0.0,0.0,20,80
Content-Based-TMDB,229,20,0.0,0.0,0.0,20,80
Content-Based-TMDB,229,40,0.0,0.0,0.0,20,80
Content-Based-TMDB,229,80,0.0,0.0,0.0,20,80
Content-Based-TMDB,531,5,0.0,0.0,0.0,59,80
Content-Based-TMDB,531,10,0.0,0.0,0.0,59,80
Content-Based-TMDB,531,20,0.0,0.0,0.0,59,80
Content-Based-TMDB,531,40,0.0,0.0,0.0,59,80
Content-Based-TMDB,531,80,0.025,0.03389830508474576,0.20330258127067571,59,80
Content-Based-TMDB,2379,5,0.0,0.0,0.0,4,80
Content-Based-TMDB,2379,10,0.0,0.0,0.0,4,80
Content-Based-TMDB,2379,20,0.0,0.0,0.0,4,80
Content-Based-TMDB,2379,40,0.0,0.0,0.0,4,80
Content-Based-TMDB,2379,80,0.0,0.0,0.0,4,80
Content-Based-TMDB,1372,5,0.0,0.0,0.0,6,80
Content-Based-TMDB,1372,10,0.0,0.0,0.0,6,80
Content-Based-TMDB,1372,20,0.0,0.0,0.0,6,80
Content-Based-TMDB,1372,40,0.0,0.0,0.0,6,80
Content-Based-TMDB,1372,80,0.0,0.0,0.0,6,80
Content-Based-TMDB,4871,5,0.0,0.0,0.0,1,80
Content-Based-TMDB,4871,10,0.0,0.0,0.0,1,80
Content-Based-TMDB,4871,20,0.0,0.0,0.0,1,80
Content-Based-TMDB,4871,40,0.0,0.0,0.0,1,80
Content-Based-TMDB,4871,80,0.0,0.0,0.0,1,80
Content-Based-TMDB,85,5,0.0,0.0,0.0,3,80
Content-Based-TMDB,85,10,0.0,0.0,0.0,3,80
Content-Based-TMDB,85,20,0.0,0.0,0.0,3,80
Content-Based-TMDB,85,40,0.0,0.0,0.0,3,80
Content-Based-TMDB,85,80,0.0,0.0,0.0,3,80
Content-Based-TMDB,3929,5,0.2,0.03225806451612903,0.43067655807339306,31,80
Content-Based-TMDB,3929,10,0.1,0.03225806451612903,0.43067655807339306,31,80
Content-Based-TMDB,3929,20,0.15,0.0967741935483871,0.4251186302551126,31,80
Content-Based-TMDB,3929,40,0.1,0.12903225806451613,0.43320200299870293,31,80
Content-Based-TMDB,3929,80,0.075,0.1935483870967742,0.43916072999058736,31,80
Content-Based-TMDB,1023,5,0.0,0.0,0.0,7,80
Content-Based-TMDB,1023,10,0.0,0.0,0.0,7,80
Content-Based-TMDB,1023,20,0.0,0.0,0.0,7,80
Content-Based-TMDB,1023,40,0.0,0.0,0.0,7,80
Content-Based-TMDB,1023,80,0.0,0.0,0.0,7,80
Content-Based-TMDB,4821,5,0.2,0.037037037037037035,1.0,27,80
Content-Based-TMDB,4821,10,0.1,0.037037037037037035,1.0,27,80
Content-Based-TMDB,4821,20,0.1,0.07407407407407407,0.766433990956823,27,80
Content-Based-TMDB,4821,40,0.075,0.1111111111111111,0.6842152329202141,27,80
Content-Based-TMDB,4821,80,0.05,0.14814814814814814,0.6364014735831215,27,80
Content-Based-TMDB,677,5,0.0,0.0,0.0,32,80
Content-Based-TMDB,677,10,0.0,0.0,0.0,32,80
Content-Based-TMDB,677,20,0.0,0.0,0.0,32,80
Content-Based-TMDB,677,40,0.025,0.03125,0.22424382421757544,32,80
Content-Based-TMDB,677,80,0.0125,0.03125,0.22424382421757544,32,80
Content-Based-TMDB,5904,5,0.0,0.0,0.0,2,80
Content-Based-TMDB,5904,10,0.0,0.0,0.0,2,80
Content-Based-TMDB,5904,20,0.0,0.0,0.0,2,80
Content-Based-TMDB,5904,40,0.0,0.0,0.0,2,80
Content-Based-TMDB,5904,80,0.0,0.0,0.0,2,80
Content-Based-TMDB,5821,5,0.0,0.0,0.0,11,80
Content-Based-TMDB,5821,10,0.0,0.0,0.0,11,80
Content-Based-TMDB,5821,20,0.0,0.0,0.0,11,80
Content-Based-TMDB,5821,40,0.0,0.0,0.0,11,80
Content-Based-TMDB,5821,80,0.0125,0.09090909090909091,0.18428883314870617,11,80
Content-Based-TMDB,1449,5,0.0,0.0,0.0,76,80
Content-Based-TMDB,1449,10,0.0,0.0,0.0,76,80
Content-Based-TMDB,1449,20,0.0,0.0,0.0,76,80
Content-Based-TMDB,1449,40,0.025,0.013157894736842105,0.22106472945750374,76,80
Content-Based-TMDB,1449,80,0.0375,0.039473684210526314,0.2747936592665714,76,80
Content-Based-TMDB,1658,5,0.0,0.0,0.0,55,80
Content-Based-TMDB,1658,10,0.0,0.0,0.0,55,80
Content-Based-TMDB,1658,20,0.0,0.0,0.0,55,80
Content-Based-TMDB,1658,40,0.025,0.01818181818181818,0.20584683246043448,55,80
Content-Based-TMDB,1658,80,0.025,0.03636363636363636,0.22802605560539127,55,80
Content-Based-TMDB,1696,5,0.0,0.0,0.0,24,80
Content-Based-TMDB,1696,10,0.0,0.0,0.0,24,80
Content-Based-TMDB,1696,20,0.0,0.0,0.0,24,80
Content-Based-TMDB,1696,40,0.075,0.125,0.27043934660647634,24,80
Content-Based-TMDB,1696,80,0.075,0.25,0.33474949133946064,24,80
Content-Based-TMDB,1670,5,0.0,0.0,0.0,7,80
Content-Based-TMDB,1670,10,0.0,0.0,0.0,7,80
Content-Based-TMDB,1670,20,0.0,0.0,0.0,7,80
Content-Based-TMDB,1670,40,0.0,0.0,0.0,7,80
Content-Based-TMDB,1670,80,0.0,0.0,0.0,7,80
Content-Based-TMDB,5207,5,0.0,0.0,0.0,3,80
Content-Based-TMDB,5207,10,0.0,0.0,0.0,3,80
Content-Based-TMDB,5207,20,0.05,0.3333333333333333,0.25,3,80
Content-Based-TMDB,5207,40,0.025,0.3333333333333333,0.25,3,80
Content-Based-TMDB,5207,80,0.0125,0.3333333333333333,0.25,3,80
Content-Based-TMDB,4330,5,0.0,0.0,0.0,8,80
Content-Based-TMDB,4330,10,0.0,0.0,0.0,8,80
Content-Based-TMDB,4330,20,0.0,0.0,0.0,8,80
Content-Based-TMDB,4330,40,0.0,0.0,0.0,8,80
Content-Based-TMDB,4330,80,0.0,0.0,0.0,8,80
Content-Based-TMDB,1617,5,0.0,0.0,0.0,13,80
Content-Based-TMDB,1617,10,0.0,0.0,0.0,13,80
Content-Based-TMDB,1617,20,0.0,0.0,0.0,13,80
Content-Based-TMDB,1617,40,0.075,0.23076923076923078,0.29865030866935466,13,80
Content-Based-TMDB,1617,80,0.05,0.3076923076923077,0.3187196063665514,13,80
Content-Based-TMDB,1098,5,0.0,0.0,0.0,5,80
Content-Based-TMDB,1098,10,0.0,0.0,0.0,5,80
Content-Based-TMDB,1098,20,0.0,0.0,0.0,5,80
Content-Based-TMDB,1098,40,0.0,0.0,0.0,5,80
Content-Based-TMDB,1098,80,0.0,0.0,0.0,5,80
Content-Based-TMDB,3518,5,0.0,0.0,0.0,56,80
Content-Based-TMDB,3518,10,0.0,0.0,0.0,56,80
Content-Based-TMDB,3518,20,0.0,0.0,0.0,56,80
Content-Based-TMDB,3518,40,0.025,0.017857142857142856,0.1949590218937863,56,80
Content-Based-TMDB,3518,80,0.0625,0.08928571428571429,0.29568209751684277,56,80
Content-Based-TMDB,3105,5,0.2,0.1,0.5,10,80
Content-Based-TMDB,3105,10,0.1,0.1,0.5,10,80
Content-Based-TMDB,3105,20,0.1,0.2,0.4635135407606591,10,80
Content-Based-TMDB,3105,40,0.175,0.7,0.491157369357366,10,80
Content-Based-TMDB,3105,80,0.0875,0.7,0.491157369357366,10,80
Content-Based-TMDB,4638,5,0.0,0.0,0.0,2,80
Content-Based-TMDB,4638,10,0.0,0.0,0.0,2,80
Content-Based-TMDB,4638,20,0.0,0.0,0.0,2,80
Content-Based-TMDB,4638,40,0.0,0.0,0.0,2,80
Content-Based-TMDB,4638,80,0.0,0.0,0.0,2,80
Content-Based-TMDB,4573,5,0.0,0.0,0.0,21,80
Content-Based-TMDB,4573,10,0.0,0.0,0.0,21,80
Content-Based-TMDB,4573,20,0.0,0.0,0.0,21,80
Content-Based-TMDB,4573,40,0.025,0.047619047619047616,0.20584683246043448,21,80
Content-Based-TMDB,4573,80,0.0125,0.047619047619047616,0.20584683246043448,21,80
Content-Based-TMDB,38,5,0.0,0.0,0.0,12,80
Content-Based-TMDB,38,10,0.0,0.0,0.0,12,80
Content-Based-TMDB,38,20,0.05,0.08333333333333333,0.23981246656813146,12,80
Content-Based-TMDB,38,40,0.1,0.3333333333333333,0.32097504890257406,12,80
Content-Based-TMDB,38,80,0.0625,0.4166666666666667,0.3329817668262019,12,80
Content-Based-TMDB,1499,5,0.0,0.0,0.0,20,80
Content-Based-TMDB,1499,10,0.0,0.0,0.0,20,80
Content-Based-TMDB,1499,20,0.05,0.05,0.27894294565112987,20,80
Content-Based-TMDB,1499,40,0.025,0.05,0.27894294565112987,20,80
Content-Based-TMDB,1499,80,0.025,0.1,0.2840292647708692,20,80
Content-Based-TMDB,3649,5,0.0,0.0,0.0,6,80
Content-Based-TMDB,3649,10,0.0,0.0,0.0,6,80
Content-Based-TMDB,3649,20,0.0,0.0,0.0,6,80
Content-Based-TMDB,3649,40,0.0,0.0,0.0,6,80
Content-Based-TMDB,3649,80,0.0,0.0,0.0,6,80
Content-Based-TMDB,1455,5,0.0,0.0,0.0,9,80
Content-Based-TMDB,1455,10,0.0,0.0,0.0,9,80
Content-Based-TMDB,1455,20,0.0,0.0,0.0,9,80
Content-Based-TMDB,1455,40,0.05,0.2222222222222222,0.263088784905912,9,80
Content-Based-TMDB,1455,80,0.0375,0.3333333333333333,0.27957092100394404,9,80
Content-Based-TMDB,2458,5,0.0,0.0,0.0,20,80
Content-Based-TMDB,2458,10,0.0,0.0,0.0,20,80
Content-Based-TMDB,2458,20,0.0,0.0,0.0,20,80
Content-Based-TMDB,2458,40,0.0,0.0,0.0,20,80
Content-Based-TMDB,2458,80,0.025,0.1,0.2028593042203531,20,80
Content-Based-TMDB,692,5,0.2,0.009708737864077669,0.38685280723454163,103,80
Content-Based-TMDB,692,10,0.2,0.019417475728155338,0.4415801103577823,103,80
Content-Based-TMDB,692,20,0.2,0.038834951456310676,0.4685519357898682,103,80
Content-Based-TMDB,692,40,0.175,0.06796116504854369,0.49502311777381114,103,80
Content-Based-TMDB,692,80,0.1125,0.08737864077669903,0.4977579517174358,103,80
Content-Based-TMDB,2197,5,0.0,0.0,0.0,9,80
Content-Based-TMDB,2197,10,0.0,0.0,0.0,9,80
Content-Based-TMDB,2197,20,0.0,0.0,0.0,9,80
Content-Based-TMDB,2197,40,0.0,0.0,0.0,9,80
Content-Based-TMDB,2197,80,0.0125,0.1111111111111111,0.16730017881017412,9,80
Content-Based-TMDB,3494,5,0.0,0.0,0.0,6,80
Content-Based-TMDB,3494,10,0.0,0.0,0.0,6,80
Content-Based-TMDB,3494,20,0.0,0.0,0.0,6,80
Content-Based-TMDB,3494,40,0.0,0.0,0.0,6,80
Content-Based-TMDB,3494,80,0.0,0.0,0.0,6,80
Content-Based-TMDB,707,5,0.0,0.0,0.0,7,80
Content-Based-TMDB,707,10,0.0,0.0,0.0,7,80
Content-Based-TMDB,707,20,0.0,0.0,0.0,7,80
Content-Based-TMDB,707,40,0.0,0.0,0.0,7,80
Content-Based-TMDB,707,80,0.0125,0.14285714285714285,0.16427204996205025,7,80
Content-Based-TMDB,1221,5,0.0,0.0,0.0,38,80
Content-Based-TMDB,1221,10,0.0,0.0,0.0,38,80
Content-Based-TMDB,1221,20,0.0,0.0,0.0,38,80
Content-Based-TMDB,1221,40,0.0,0.0,0.0,38,80
Content-Based-TMDB,1221,80,0.0375,0.07894736842105263,0.2327317561309384,38,80
Content-Based-TMDB,5963,5,0.0,0.0,0.0,18,80
Content-Based-TMDB,5963,10,0.1,0.05555555555555555,0.3333333333333333,18,80
Content-Based-TMDB,5963,20,0.05,0.05555555555555555,0.3333333333333333,18,80
Content-Based-TMDB,5963,40,0.05,0.1111111111111111,0.3399276158748101,18,80
Content-Based-TMDB,5963,80,0.0375,0.16666666666666666,0.34374744409906927,18,80
Content-Based-TMDB,2452,5,0.0,0.0,0.0,7,80
Content-Based-TMDB,2452,10,0.0,0.0,0.0,7,80
Content-Based-TMDB,2452,20,0.0,0.0,0.0,7,80
Content-Based-TMDB,2452,40,0.0,0.0,0.0,7,80
Content-Based-TMDB,2452,80,0.0125,0.14285714285714285,0.16666666666666666,7,80
Content-Based-TMDB,1407,5,0.0,0.0,0.0,23,80
Content-Based-TMDB,1407,10,0.0,0.0,0.0,23,80
Content-Based-TMDB,1407,20,0.0,0.0,0.0,23,80
Content-Based-TMDB,1407,40,0.0,0.0,0.0,23,80
Content-Based-TMDB,1407,80,0.0,0.0,0.0,23,80
Content-Based-TMDB,4769,5,0.0,0.0,0.0,7,80
Content-Based-TMDB,4769,10,0.1,0.14285714285714285,0.31546487678572877,7,80
Content-Based-TMDB,4769,20,0.05,0.14285714285714285,0.31546487678572877,7,80
Content-Based-TMDB,4769,40,0.025,0.14285714285714285,0.31546487678572877,7,80
Content-Based-TMDB,4769,80,0.0125,0.14285714285714285,0.31546487678572877,7,80
Content-Based-TMDB,5208,5,0.0,0.0,0.0,11,80
Content-Based-TMDB,5208,10,0.0,0.0,0.0,11,80
Content-Based-TMDB,5208,20,0.0,0.0,0.0,11,80
Content-Based-TMDB,5208,40,0.025,0.09090909090909091,0.21533827903669653,11,80
Content-Based-TMDB,5208,80,0.025,0.18181818181818182,0.23501138363219218,11,80
Content-Based-TMDB,4603,5,0.0,0.0,0.0,8,80
Content-Based-TMDB,4603,10,0.0,0.0,0.0,8,80
Content-Based-TMDB,4603,20,0.0,0.0,0.0,8,80
Content-Based-TMDB,4603,40,0.025,0.125,0.18790182470910757,8,80
Content-Based-TMDB,4603,80,0.0375,0.375,0.242409578415677,8,80
Content-Based-TMDB,1894,5,0.0,0.0,0.0,32,80
Content-Based-TMDB,1894,10,0.0,0.0,0.0,32,80
Content-Based-TMDB,1894,20,0.0,0.0,0.0,32,80
Content-Based-TMDB,1894,40,0.0,0.0,0.0,32,80
Content-Based-TMDB,1894,80,0.0,0.0,0.0,32,80
Content-Based-TMDB,1515,5,0.0,0.0,0.0,5,80
Content-Based-TMDB,1515,10,0.0,0.0,0.0,5,80
Content-Based-TMDB,1515,20,0.0,0.0,0.0,5,80
Content-Based-TMDB,1515,40,0.0,0.0,0.0,5,80
Content-Based-TMDB,1515,80,0.0,0.0,0.0,5,80
Content-Based-TMDB,4031,5,0.0,0.0,0.0,6,80
Content-Based-TMDB,4031,10,0.0,0.0,0.0,6,80
Content-Based-TMDB,4031,20,0.0,0.0,0.0,6,80
Content-Based-TMDB,4031,40,0.0,0.0,0.0,6,80
Content-Based-TMDB,4031,80,0.0,0.0,0.0,6,80
Content-Based-TMDB,507,5,0.0,0.0,0.0,6,80
Content-Based-TMDB,507,10,0.0,0.0,0.0,6,80
Content-Based-TMDB,507,20,0.0,0.0,0.0,6,80
Content-Based-TMDB,507,40,0.0,0.0,0.0,6,80
Content-Based-TMDB,507,80,0.0,0.0,0.0,6,80
Content-Based-TMDB,3756,5,0.2,0.019230769230769232,0.5,52,80
Content-Based-TMDB,3756,10,0.2,0.038461538461538464,0.5,52,80
Content-Based-TMDB,3756,20,0.15,0.057692307692307696,0.513582308662508,52,80
Content-Based-TMDB,3756,40,0.075,0.057692307692307696,0.513582308662508,52,80
Content-Based-TMDB,3756,80,0.0375,0.057692307692307696,0.513582308662508,52,80
Content-Based-TMDB,1567,5,0.0,0.0,0.0,9,80
Content-Based-TMDB,1567,10,0.0,0.0,0.0,9,80
Content-Based-TMDB,1567,20,0.0,0.0,0.0,9,80
Content-Based-TMDB,1567,40,0.0,0.0,0.0,9,80
Content-Based-TMDB,1567,80,0.0,0.0,0.0,9,80
Content-Based-TMDB,3343,5,0.0,0.0,0.0,6,80
Content-Based-TMDB,3343,10,0.0,0.0,0.0,6,80
Content-Based-TMDB,3343,20,0.0,0.0,0.0,6,80
Content-Based-TMDB,3343,40,0.0,0.0,0.0,6,80
Content-Based-TMDB,3343,80,0.025,0.3333333333333333,0.21589874690247227,6,80
Content-Based-TMDB,94,5,0.0,0.0,0.0,4,80
Content-Based-TMDB,94,10,0.0,0.0,0.0,4,80
Content-Based-TMDB,94,20,0.0,0.0,0.0,4,80
Content-Based-TMDB,94,40,0.025,0.25,0.2037950470905062,4,80
Content-Based-TMDB,94,80,0.025,0.5,0.22433312696787353,4,80
Content-Based-TMDB,4648,5,0.0,0.0,0.0,6,80
Content-Based-TMDB,4648,10,0.0,0.0,0.0,6,80
Content-Based-TMDB,4648,20,0.0,0.0,0.0,6,80
Content-Based-TMDB,4648,40,0.0,0.0,0.0,6,80
Content-Based-TMDB,4648,80,0.0,0.0,0.0,6,80
Content-Based-TMDB,2121,5,0.0,0.0,0.0,23,80
Content-Based-TMDB,2121,10,0.2,0.08695652173913043,0.37800210039683896,23,80
Content-Based-TMDB,2121,20,0.15,0.13043478260869565,0.40411722306877945,23,80
Content-Based-TMDB,2121,40,0.1,0.17391304347826086,0.42131755439830376,23,80
Content-Based-TMDB,2121,80,0.0625,0.21739130434782608,0.4247029877336302,23,80
Content-Based-TMDB,2325,5,0.0,0.0,0.0,1,80
Content-Based-TMDB,2325,10,0.0,0.0,0.0,1,80
Content-Based-TMDB,2325,20,0.0,0.0,0.0,1,80
Content-Based-TMDB,2325,40,0.0,0.0,0.0,1,80
Content-Based-TMDB,2325,80,0.0,0.0,0.0,1,80
Content-Based-TMDB,5398,5,0.0,0.0,0.0,2,80
Content-Based-TMDB,5398,10,0.0,0.0,0.0,2,80
Content-Based-TMDB,5398,20,0.0,0.0,0.0,2,80
Content-Based-TMDB,5398,40,0.0,0.0,0.0,2,80
Content-Based-TMDB,5398,80,0.0,0.0,0.0,2,80
Content-Based-TMDB,3890,5,0.0,0.0,0.0,15,80
Content-Based-TMDB,3890,10,0.0,0.0,0.0,15,80
Content-Based-TMDB,3890,20,0.0,0.0,0.0,15,80
Content-Based-TMDB,3890,40,0.0,0.0,0.0,15,80
Content-Based-TMDB,3890,80,0.0125,0.06666666666666667,0.16666666666666666,15,80
Content-Based-TMDB,3026,5,0.0,0.0,0.0,23,80
Content-Based-TMDB,3026,10,0.0,0.0,0.0,23,80
Content-Based-TMDB,3026,20,0.0,0.0,0.0,23,80
Content-Based-TMDB,3026,40,0.0,0.0,0.0,23,80
Content-Based-TMDB,3026,80,0.025,0.08695652173913043,0.20937303341859173,23,80
Content-Based-TMDB,1739,5,0.0,0.0,0.0,8,80
Content-Based-TMDB,1739,10,0.0,0.0,0.0,8,80
Content-Based-TMDB,1739,20,0.0,0.0,0.0,8,80
Content-Based-TMDB,1739,40,0.0,0.0,0.0,8,80
Content-Based-TMDB,1739,80,0.0125,0.125,0.16929380759878143,8,80
Content-Based-TMDB,2308,5,0.0,0.0,0.0,13,80
Content-Based-TMDB,2308,10,0.0,0.0,0.0,13,80
Content-Based-TMDB,2308,20,0.0,0.0,0.0,13,80
Content-Based-TMDB,2308,40,0.025,0.07692307692307693,0.18790182470910757,13,80
Content-Based-TMDB,2308,80,0.0125,0.07692307692307693,0.18790182470910757,13,80
Content-Based-TMDB,1700,5,0.0,0.0,0.0,1,80
Content-Based-TMDB,1700,10,0.0,0.0,0.0,1,80
Content-Based-TMDB,1700,20,0.0,0.0,0.0,1,80
Content-Based-TMDB,1700,40,0.0,0.0,0.0,1,80
Content-Based-TMDB,1700,80,0.0,0.0,0.0,1,80
Content-Based-TMDB,5580,5,0.0,0.0,0.0,46,80
Content-Based-TMDB,5580,10,0.1,0.021739130434782608,0.3010299956639812,46,80
Content-Based-TMDB,5580,20,0.05,0.021739130434782608,0.3010299956639812,46,80
Content-Based-TMDB,5580,40,0.025,0.021739130434782608,0.3010299956639812,46,80
Content-Based-TMDB,5580,80,0.0125,0.021739130434782608,0.3010299956639812,46,80
Content-Based-TMDB,2382,5,0.0,0.0,0.0,7,80
Content-Based-TMDB,2382,10,0.0,0.0,0.0,7,80
Content-Based-TMDB,2382,20,0.0,0.0,0.0,7,80
Content-Based-TMDB,2382,40,0.0,0.0,0.0,7,80
Content-Based-TMDB,2382,80,0.0125,0.14285714285714285,0.15909880786929415,7,80
Content-Based-TMDB,3875,5,0.0,0.0,0.0,2,80
Content-Based-TMDB,3875,10,0.0,0.0,0.0,2,80
Content-Based-TMDB,3875,20,0.0,0.0,0.0,2,80
Content-Based-TMDB,3875,40,0.0,0.0,0.0,2,80
Content-Based-TMDB,3875,80,0.0,0.0,0.0,2,80
Content-Based-TMDB,784,5,0.0,0.0,0.0,5,80
Content-Based-TMDB,784,10,0.0,0.0,0.0,5,80
Content-Based-TMDB,784,20,0.0,0.0,0.0,5,80
Content-Based-TMDB,784,40,0.0,0.0,0.0,5,80
Content-Based-TMDB,784,80,0.0,0.0,0.0,5,80
Content-Based-TMDB,536,5,0.0,0.0,0.0,23,80
Content-Based-TMDB,536,10,0.0,0.0,0.0,23,80
Content-Based-TMDB,536,20,0.05,0.043478260869565216,0.227670248696953,23,80
Content-Based-TMDB,536,40,0.025,0.043478260869565216,0.227670248696953,23,80
Content-Based-TMDB,536,80,0.0375,0.13043478260869565,0.2584747544696807,23,80
Content-Based-TMDB,4148,5,0.0,0.0,0.0,13,80
Content-Based-TMDB,4148,10,0.1,0.07692307692307693,0.31546487678572877,13,80
Content-Based-TMDB,4148,20,0.1,0.15384615384615385,0.33529530548326497,13,80
Content-Based-TMDB,4148,40,0.075,0.23076923076923078,0.35134531078407105,13,80
Content-Based-TMDB,4148,80,0.075,0.46153846153846156,0.3741682396705717,13,80
Content-Based-TMDB,1781,5,0.0,0.0,0.0,7,80
Content-Based-TMDB,1781,10,0.0,0.0,0.0,7,80
Content-Based-TMDB,1781,20,0.0,0.0,0.0,7,80
Content-Based-TMDB,1781,40,0.0,0.0,0.0,7,80
Content-Based-TMDB,1781,80,0.0125,0.14285714285714285,0.1729696904450771,7,80
Content-Based-TMDB,5834,5,0.0,0.0,0.0,1,80
Content-Based-TMDB,5834,10,0.0,0.0,0.0,1,80
Content-Based-TMDB,5834,20,0.0,0.0,0.0,1,80
Content-Based-TMDB,5834,40,0.0,0.0,0.0,1,80
Content-Based-TMDB,5834,80,0.0,0.0,0.0,1,80
Content-Based-TMDB,1195,5,0.0,0.0,0.0,10,80
Content-Based-TMDB,1195,10,0.0,0.0,0.0,10,80
Content-Based-TMDB,1195,20,0.0,0.0,0.0,10,80
Content-Based-TMDB,1195,40,0.025,0.1,0.2037950470905062,10,80
Content-Based-TMDB,1195,80,0.025,0.2,0.23053750786092986,10,80
Content-Based-TMDB,3608,5,0.0,0.0,0.0,12,80
Content-Based-TMDB,3608,10,0.0,0.0,0.0,12,80
Content-Based-TMDB,3608,20,0.0,0.0,0.0,12,80
Content-Based-TMDB,3608,40,0.0,0.0,0.0,12,80
Content-Based-TMDB,3608,80,0.0125,0.08333333333333333,0.16929380759878143,12,80
Content-Based-TMDB,5786,5,0.0,0.0,0.0,32,80
Content-Based-TMDB,5786,10,0.0,0.0,0.0,32,80
Content-Based-TMDB,5786,20,0.0,0.0,0.0,32,80
Content-Based-TMDB,5786,40,0.0,0.0,0.0,32,80
Content-Based-TMDB,5786,80,0.0125,0.03125,0.1605440854340214,32,80
Content-Based-TMDB,1596,5,0.0,0.0,0.0,6,80
Content-Based-TMDB,1596,10,0.1,0.16666666666666666,0.3562071871080222,6,80
Content-Based-TMDB,1596,20,0.05,0.16666666666666666,0.3562071871080222,6,80
Content-Based-TMDB,1596,40,0.025,0.16666666666666666,0.3562071871080222,6,80
Content-Based-TMDB,1596,80,0.025,0.3333333333333333,0.330054121827863,6,80
Content-Based-TMDB,1738,5,0.0,0.0,0.0,8,80
Content-Based-TMDB,1738,10,0.0,0.0,0.0,8,80
Content-Based-TMDB,1738,20,0.0,0.0,0.0,8,80
Content-Based-TMDB,1738,40,0.0,0.0,0.0,8,80
Content-Based-TMDB,1738,80,0.0,0.0,0.0,8,80
Content-Based-TMDB,1534,5,0.0,0.0,0.0,2,80
Content-Based-TMDB,1534,10,0.0,0.0,0.0,2,80
Content-Based-TMDB,1534,20,0.0,0.0,0.0,2,80
Content-Based-TMDB,1534,40,0.0,0.0,0.0,2,80
Content-Based-TMDB,1534,80,0.0,0.0,0.0,2,80
Content-Based-TMDB,5524,5,0.0,0.0,0.0,28,80
Content-Based-TMDB,5524,10,0.0,0.0,0.0,28,80
Content-Based-TMDB,5524,20,0.0,0.0,0.0,28,80
Content-Based-TMDB,5524,40,0.025,0.03571428571428571,0.2037950470905062,28,80
Content-Based-TMDB,5524,80,0.05,0.14285714285714285,0.2677711635482735,28,80
Content-Based-TMDB,4056,5,0.0,0.0,0.0,1,80
Content-Based-TMDB,4056,10,0.0,0.0,0.0,1,80
Content-Based-TMDB,4056,20,0.0,0.0,0.0,1,80
Content-Based-TMDB,4056,40,0.0,0.0,0.0,1,80
Content-Based-TMDB,4056,80,0.0,0.0,0.0,1,80
Content-Based-TMDB,5412,5,0.2,0.021739130434782608,0.5,46,80
Content-Based-TMDB,5412,10,0.1,0.021739130434782608,0.5,46,80
Content-Based-TMDB,5412,20,0.1,0.043478260869565216,0.44616897024747965,46,80
Content-Based-TMDB,5412,40,0.05,0.043478260869565216,0.44616897024747965,46,80
Content-Based-TMDB,5412,80,0.0875,0.15217391304347827,0.43450051290519875,46,80
Content-Based-TMDB,264,5,0.0,0.0,0.0,15,80
Content-Based-TMDB,264,10,0.1,0.06666666666666667,0.31546487678572877,15,80
Content-Based-TMDB,264,20,0.05,0.06666666666666667,0.31546487678572877,15,80
Content-Based-TMDB,264,40,0.025,0.06666666666666667,0.31546487678572877,15,80
Content-Based-TMDB,264,80,0.025,0.13333333333333333,0.2980950929277088,15,80
Content-Based-TMDB,626,5,0.0,0.0,0.0,9,80
Content-Based-TMDB,626,10,0.0,0.0,0.0,9,80
Content-Based-TMDB,626,20,0.0,0.0,0.0,9,80
Content-Based-TMDB,626,40,0.0,0.0,0.0,9,80
Content-Based-TMDB,626,80,0.025,0.2222222222222222,0.2131700213814941,9,80
Content-Based-TMDB,3206,5,0.0,0.0,0.0,7,80
Content-Based-TMDB,3206,10,0.0,0.0,0.0,7,80
Content-Based-TMDB,3206,20,0.0,0.0,0.0,7,80
Content-Based-TMDB,3206,40,0.0,0.0,0.0,7,80
Content-Based-TMDB,3206,80,0.0,0.0,0.0,7,80
Content-Based-TMDB,4907,5,0.2,0.041666666666666664,0.38685280723454163,24,80
Content-Based-TMDB,4907,10,0.1,0.041666666666666664,0.38685280723454163,24,80
Content-Based-TMDB,4907,20,0.05,0.041666666666666664,0.38685280723454163,24,80
Content-Based-TMDB,4907,40,0.025,0.041666666666666664,0.38685280723454163,24,80
Content-Based-TMDB,4907,80,0.025,0.08333333333333333,0.33657447871412144,24,80
Content-Based-TMDB,178,5,0.0,0.0,0.0,16,80
Content-Based-TMDB,178,10,0.0,0.0,0.0,16,80
Content-Based-TMDB,178,20,0.0,0.0,0.0,16,80
Content-Based-TMDB,178,40,0.025,0.0625,0.2037950470905062,16,80
Content-Based-TMDB,178,80,0.0625,0.3125,0.2962416653645259,16,80
Content-Based-TMDB,1173,5,0.0,0.0,0.0,23,80
Content-Based-TMDB,1173,10,0.0,0.0,0.0,23,80
Content-Based-TMDB,1173,20,0.0,0.0,0.0,23,80
Content-Based-TMDB,1173,40,0.0,0.0,0.0,23,80
Content-Based-TMDB,1173,80,0.0,0.0,0.0,23,80
Content-Based-TMDB,2943,5,0.2,0.041666666666666664,0.43067655807339306,24,80
Content-Based-TMDB,2943,10,0.1,0.041666666666666664,0.43067655807339306,24,80
Content-Based-TMDB,2943,20,0.05,0.041666666666666664,0.43067655807339306,24,80
Content-Based-TMDB,2943,40,0.05,0.08333333333333333,0.3817670728714639,24,80
Content-Based-TMDB,2943,80,0.05,0.16666666666666666,0.3814452552568582,24,80
Content-Based-TMDB,5171,5,0.0,0.0,0.0,6,80
Content-Based-TMDB,5171,10,0.0,0.0,0.0,6,80
Content-Based-TMDB,5171,20,0.05,0.16666666666666666,0.2559580248098155,6,80
Content-Based-TMDB,5171,40,0.025,0.16666666666666666,0.2559580248098155,6,80
Content-Based-TMDB,5171,80,0.0125,0.16666666666666666,0.2559580248098155,6,80
Content-Based-TMDB,2828,5,0.0,0.0,0.0,7,80
Content-Based-TMDB,2828,10,0.0,0.0,0.0,7,80
Content-Based-TMDB,2828,20,0.0,0.0,0.0,7,80
Content-Based-TMDB,2828,40,0.0,0.0,0.0,7,80
Content-Based-TMDB,2828,80,0.0125,0.14285714285714285,0.16730017881017412,7,80
Content-Based-TMDB,157,5,0.2,0.02040816326530612,0.43067655807339306,49,80
Content-Based-TMDB,157,10,0.1,0.02040816326530612,0.43067655807339306,49,80
Content-Based-TMDB,157,20,0.05,0.02040816326530612,0.43067655807339306,49,80
Content-Based-TMDB,157,40,0.025,0.02040816326530612,0.43067655807339306,49,80
Content-Based-TMDB,157,80,0.025,0.04081632653061224,0.3616191099899796,49,80
Content-Based-TMDB,3621,5,0.0,0.0,0.0,30,80
Content-Based-TMDB,3621,10,0.0,0.0,0.0,30,80
Content-Based-TMDB,3621,20,0.05,0.03333333333333333,0.24465054211822604,30,80
Content-Based-TMDB,3621,40,0.025,0.03333333333333333,0.24465054211822604,30,80
Content-Based-TMDB,3621,80,0.025,0.06666666666666667,0.24970962329801935,30,80
Content-Based-TMDB,2144,5,0.0,0.0,0.0,10,80
Content-Based-TMDB,2144,10,0.0,0.0,0.0,10,80
Content-Based-TMDB,2144,20,0.0,0.0,0.0,10,80
Content-Based-TMDB,2144,40,0.1,0.4,0.3077371996578095,10,80
Content-Based-TMDB,2144,80,0.075,0.6,0.34909212491740654,10,80
Content-Based-TMDB,1544,5,0.0,0.0,0.0,23,80
Content-Based-TMDB,1544,10,0.0,0.0,0.0,23,80
Content-Based-TMDB,1544,20,0.0,0.0,0.0,23,80
Content-Based-TMDB,1544,40,0.075,0.13043478260869565,0.2821988887412603,23,80
Content-Based-TMDB,1544,80,0.0375,0.13043478260869565,0.2821988887412603,23,80
Content-Based-TMDB,1774,5,0.0,0.0,0.0,2,80
Content-Based-TMDB,1774,10,0.0,0.0,0.0,2,80
Content-Based-TMDB,1774,20,0.0,0.0,0.0,2,80
Content-Based-TMDB,1774,40,0.0,0.0,0.0,2,80
Content-Based-TMDB,1774,80,0.0,0.0,0.0,2,80
Content-Based-TMDB,32,5,0.0,0.0,0.0,6,80
Content-Based-TMDB,32,10,0.0,0.0,0.0,6,80
Content-Based-TMDB,32,20,0.0,0.0,0.0,6,80
Content-Based-TMDB,32,40,0.0,0.0,0.0,6,80
Content-Based-TMDB,32,80,0.0125,0.16666666666666666,0.17718382013555792,6,80
Content-Based-TMDB,1673,5,0.0,0.0,0.0,16,80
Content-Based-TMDB,1673,10,0.0,0.0,0.0,16,80
Content-Based-TMDB,1673,20,0.05,0.0625,0.227670248696953,16,80
Content-Based-TMDB,1673,40,0.05,0.125,0.25560304317273486,16,80
Content-Based-TMDB,1673,80,0.0875,0.4375,0.34636667597443543,16,80
Content-Based-TMDB,6033,5,0.0,0.0,0.0,3,80
Content-Based-TMDB,6033,10,0.0,0.0,0.0,3,80
Content-Based-TMDB,6033,20,0.0,0.0,0.0,3,80
Content-Based-TMDB,6033,40,0.0,0.0,0.0,3,80
Content-Based-TMDB,6033,80,0.0,0.0,0.0,3,80
Content-Based-TMDB,5611,5,0.0,0.0,0.0,8,80
Content-Based-TMDB,5611,10,0.0,0.0,0.0,8,80
Content-Based-TMDB,5611,20,0.0,0.0,0.0,8,80
Content-Based-TMDB,5611,40,0.0,0.0,0.0,8,80
Content-Based-TMDB,5611,80,0.0125,0.125,0.17458343004804494,8,80
Content-Based-TMDB,3767,5,0.0,0.0,0.0,3,80
Content-Based-TMDB,3767,10,0.0,0.0,0.0,3,80
Content-Based-TMDB,3767,20,0.0,0.0,0.0,3,80
Content-Based-TMDB,3767,40,0.0,0.0,0.0,3,80
Content-Based-TMDB,3767,80,0.0,0.0,0.0,3,80
Content-Based-TMDB,5997,5,0.2,0.07692307692307693,1.0,13,80
Content-Based-TMDB,5997,10,0.1,0.07692307692307693,1.0,13,80
Content-Based-TMDB,5997,20,0.2,0.3076923076923077,0.6701994442791717,13,80
Content-Based-TMDB,5997,40,0.125,0.38461538461538464,0.6507250518832715,13,80
Content-Based-TMDB,5997,80,0.0875,0.5384615384615384,0.6246972857748666,13,80
Content-Based-TMDB,309,5,0.0,0.0,0.0,20,80
Content-Based-TMDB,309,10,0.0,0.0,0.0,20,80
Content-Based-TMDB,309,20,0.1,0.1,0.3006381989539586,20,80
Content-Based-TMDB,309,40,0.1,0.2,0.34789932784239197,20,80
Content-Based-TMDB,309,80,0.05,0.2,0.34789932784239197,20,80
Content-Based-TMDB,811,5,0.0,0.0,0.0,11,80
Content-Based-TMDB,811,10,0.0,0.0,0.0,11,80
Content-Based-TMDB,811,20,0.0,0.0,0.0,11,80
Content-Based-TMDB,811,40,0.025,0.09090909090909091,0.18665241123894338,11,80
Content-Based-TMDB,811,80,0.0125,0.09090909090909091,0.18665241123894338,11,80
Content-Based-TMDB,4307,5,0.0,0.0,0.0,3,80
Content-Based-TMDB,4307,10,0.0,0.0,0.0,3,80
Content-Based-TMDB,4307,20,0.0,0.0,0.0,3,80
Content-Based-TMDB,4307,40,0.0,0.0,0.0,3,80
Content-Based-TMDB,4307,80,0.0,0.0,0.0,3,80
Content-Based-TMDB,809,5,0.0,0.0,0.0,15,80
Content-Based-TMDB,809,10,0.0,0.0,0.0,15,80
Content-Based-TMDB,809,20,0.0,0.0,0.0,15,80
Content-Based-TMDB,809,40,0.0,0.0,0.0,15,80
Content-Based-TMDB,809,80,0.025,0.13333333333333333,0.20482528562437138,15,80
Content-Based-TMDB,1184,5,0.0,0.0,0.0,31,80
Content-Based-TMDB,1184,10,0.0,0.0,0.0,31,80
Content-Based-TMDB,1184,20,0.0,0.0,0.0,31,80
Content-Based-TMDB,1184,40,0.025,0.03225806451612903,0.19823986317056053,31,80
Content-Based-TMDB,1184,80,0.05,0.12903225806451613,0.27356076925524125,31,80
Content-Based-TMDB,2146,5,0.0,0.0,0.0,7,80
Content-Based-TMDB,2146,10,0.0,0.0,0.0,7,80
Content-Based-TMDB,2146,20,0.0,0.0,0.0,7,80
Content-Based-TMDB,2146,40,0.025,0.14285714285714285,0.21533827903669653,7,80
Content-Based-TMDB,2146,80,0.025,0.2857142857142857,0.2430398212729459,7,80
Content-Based-TMDB,4386,5,0.0,0.0,0.0,100,80
Content-Based-TMDB,4386,10,0.0,0.0,0.0,100,80
Content-Based-TMDB,4386,20,0.0,0.0,0.0,100,80
Content-Based-TMDB,4386,40,0.1,0.04,0.30367268265344993,100,80
Content-Based-TMDB,4386,80,0.1125,0.09,0.3805442479317057,100,80
Content-Based-TMDB,4835,5,0.0,0.0,0.0,12,80
Content-Based-TMDB,4835,10,0.0,0.0,0.0,12,80
Content-Based-TMDB,4835,20,0.0,0.0,0.0,12,80
Content-Based-TMDB,4835,40,0.025,0.08333333333333333,0.20584683246043448,12,80
Content-Based-TMDB,4835,80,0.0375,0.25,0.26172414550557044,12,80
Content-Based-TMDB,3200,5,0.0,0.0,0.0,15,80
Content-Based-TMDB,3200,10,0.0,0.0,0.0,15,80
Content-Based-TMDB,3200,20,0.0,0.0,0.0,15,80
Content-Based-TMDB,3200,40,0.0,0.0,0.0,15,80
Content-Based-TMDB,3200,80,0.0,0.0,0.0,15,80
Content-Based-TMDB,2939,5,0.0,0.0,0.0,16,80
Content-Based-TMDB,2939,10,0.0,0.0,0.0,16,80
Content-Based-TMDB,2939,20,0.0,0.0,0.0,16,80
Content-Based-TMDB,2939,40,0.0,0.0,0.0,16,80
Content-Based-TMDB,2939,80,0.0,0.0,0.0,16,80
Content-Based-TMDB,5853,5,0.0,0.0,0.0,11,80
Content-Based-TMDB,5853,10,0.0,0.0,0.0,11,80
Content-Based-TMDB,5853,20,0.0,0.0,0.0,11,80
Content-Based-TMDB,5853,40,0.0,0.0,0.0,11,80
Content-Based-TMDB,5853,80,0.0125,0.09090909090909091,0.16207652439312228,11,80
Content-Based-TMDB,4865,5,0.0,0.0,0.0,24,80
Content-Based-TMDB,4865,10,0.0,0.0,0.0,24,80
Content-Based-TMDB,4865,20,0.0,0.0,0.0,24,80
Content-Based-TMDB,4865,40,0.0,0.0,0.0,24,80
Content-Based-TMDB,4865,80,0.0,0.0,0.0,24,80
Content-Based-TMDB,3408,5,0.0,0.0,0.0,13,80
Content-Based-TMDB,3408,10,0.0,0.0,0.0,13,80
Content-Based-TMDB,3408,20,0.0,0.0,0.0,13,80
Content-Based-TMDB,3408,40,0.025,0.07692307692307693,0.19342640361727081,13,80
Content-Based-TMDB,3408,80,0.025,0.15384615384615385,0.21897451946071145,13,80
Content-Based-TMDB,5188,5,0.0,0.0,0.0,19,80
Content-Based-TMDB,5188,10,0.1,0.05263157894736842,0.3333333333333333,19,80
Content-Based-TMDB,5188,20,0.05,0.05263157894736842,0.3333333333333333,19,80
Content-Based-TMDB,5188,40,0.05,0.10526315789473684,0.32814559838857255,19,80
Content-Based-TMDB,5188,80,0.025,0.10526315789473684,0.32814559838857255,19,80
Content-Based-TMDB,3355,5,0.0,0.0,0.0,6,80
Content-Based-TMDB,3355,10,0.0,0.0,0.0,6,80
Content-Based-TMDB,3355,20,0.0,0.0,0.0,6,80
Content-Based-TMDB,3355,40,0.0,0.0,0.0,6,80
Content-Based-TMDB,3355,80,0.0125,0.16666666666666666,0.1781035935540111,6,80
Content-Based-TMDB,4483,5,0.0,0.0,0.0,14,80
Content-Based-TMDB,4483,10,0.0,0.0,0.0,14,80
Content-Based-TMDB,4483,20,0.0,0.0,0.0,14,80
Content-Based-TMDB,4483,40,0.0,0.0,0.0,14,80
Content-Based-TMDB,4483,80,0.0,0.0,0.0,14,80
Content-Based-TMDB,539,5,0.0,0.0,0.0,20,80
Content-Based-TMDB,539,10,0.0,0.0,0.0,20,80
Content-Based-TMDB,539,20,0.1,0.1,0.3080831657556183,20,80
Content-Based-TMDB,539,40,0.075,0.15,0.33051821018829597,20,80
Content-Based-TMDB,539,80,0.0875,0.35,0.3885664669138704,20,80
Content-Based-TMDB,2624,5,0.2,0.017543859649122806,1.0,57,80
Content-Based-TMDB,2624,10,0.1,0.017543859649122806,1.0,57,80
Content-Based-TMDB,2624,20,0.15,0.05263157894736842,0.709854246721169,57,80
Content-Based-TMDB,2624,40,0.175,0.12280701754385964,0.6471894307730539,57,80
Content-Based-TMDB,2624,80,0.1125,0.15789473684210525,0.6302351039436391,57,80
Content-Based-TMDB,1087,5,0.2,0.022222222222222223,0.6309297535714575,45,80
Content-Based-TMDB,1087,10,0.1,0.022222222222222223,0.6309297535714575,45,80
Content-Based-TMDB,1087,20,0.05,0.022222222222222223,0.6309297535714575,45,80
Content-Based-TMDB,1087,40,0.025,0.022222222222222223,0.6309297535714575,45,80
Content-Based-TMDB,1087,80,0.0125,0.022222222222222223,0.6309297535714575,45,80
Content-Based-TMDB,4400,5,0.0,0.0,0.0,1,80
Content-Based-TMDB,4400,10,0.0,0.0,0.0,1,80
Content-Based-TMDB,4400,20,0.0,0.0,0.0,1,80
Content-Based-TMDB,4400,40,0.0,0.0,0.0,1,80
Content-Based-TMDB,4400,80,0.0,0.0,0.0,1,80
Content-Based-TMDB,3754,5,0.0,0.0,0.0,38,80
Content-Based-TMDB,3754,10,0.0,0.0,0.0,38,80
Content-Based-TMDB,3754,20,0.0,0.0,0.0,38,80
Content-Based-TMDB,3754,40,0.0,0.0,0.0,38,80
Content-Based-TMDB,3754,80,0.0375,0.07894736842105263,0.23827200803464105,38,80
Content-Based-TMDB,81,5,0.0,0.0,0.0,16,80
Content-Based-TMDB,81,10,0.0,0.0,0.0,16,80
Content-Based-TMDB,81,20,0.0,0.0,0.0,16,80
Content-Based-TMDB,81,40,0.0,0.0,0.0,16,80
Content-Based-TMDB,81,80,0.0125,0.0625,0.1781035935540111,16,80
Content-Based-TMDB,3247,5,0.0,0.0,0.0,2,80
Content-Based-TMDB,3247,10,0.0,0.0,0.0,2,80
Content-Based-TMDB,3247,20,0.0,0.0,0.0,2,80
Content-Based-TMDB,3247,40,0.0,0.0,0.0,2,80
Content-Based-TMDB,3247,80,0.0,0.0,0.0,2,80
Content-Based-TMDB,1973,5,0.0,0.0,0.0,2,80
Content-Based-TMDB,1973,10,0.0,0.0,0.0,2,80
Content-Based-TMDB,1973,20,0.0,0.0,0.0,2,80
Content-Based-TMDB,1973,40,0.0,0.0,0.0,2,80
Content-Based-TMDB,1973,80,0.0,0.0,0.0,2,80
Content-Based-TMDB,3862,5,0.0,0.0,0.0,5,80
Content-Based-TMDB,3862,10,0.1,0.2,0.3562071871080222,5,80
Content-Based-TMDB,3862,20,0.05,0.2,0.3562071871080222,5,80
Content-Based-TMDB,3862,40,0.025,0.2,0.3562071871080222,5,80
Content-Based-TMDB,3862,80,0.0125,0.2,0.3562071871080222,5,80
Content-Based-TMDB,502,5,0.0,0.0,0.0,2,80
Content-Based-TMDB,502,10,0.0,0.0,0.0,2,80
Content-Based-TMDB,502,20,0.0,0.0,0.0,2,80
Content-Based-TMDB,502,40,0.0,0.0,0.0,2,80
Content-Based-TMDB,502,80,0.0125,0.5,0.17458343004804494,2,80
Content-Based-TMDB,3135,5,0.0,0.0,0.0,18,80
Content-Based-TMDB,3135,10,0.1,0.05555555555555555,0.3333333333333333,18,80
Content-Based-TMDB,3135,20,0.05,0.05555555555555555,0.3333333333333333,18,80
Content-Based-TMDB,3135,40,0.05,0.1111111111111111,0.3293387586115344,18,80
Content-Based-TMDB,3135,80,0.025,0.1111111111111111,0.3293387586115344,18,80
